<mujoco model="humanoid">
  <compiler angle="degree" inertiafromgeom="true" coordinate="global"/>
  <include file="./common/materials.xml"/>
  <size njmax="8000" nconmax="4000"/>
  <visual>
    <headlight ambient=".4 .4 .4" diffuse=".8 .8 .8" specular="0.1 0.1 0.1"/>
    <map znear=".01"/>
    <quality shadowsize="2048"/>
  </visual>

  <default>
    <joint damping="0.0" armature="0.01" stiffness="0.0" limited="true"/>
    <geom conaffinity="7" condim="1" contype="7" margin="0.001" material="self" rgba="0.8 0.6 .4 1"/>
  </default>
  <statistic extent="3" center="0 0 1"/>
  <option timestep="0.00222222222"/>
  <asset>
    <texture type="skybox" file="./common/sky1.png" gridsize="3 4" gridlayout=".U..LFRB.D.." width="8192" height="8192"/>
    <texture builtin="flat" height="1278" mark="cross" markrgb="1 1 1" name="texgeom" random="0.01" rgb1=".8 .6 .4" rgb2=".8 .6 .4" type="cube" width="127"/>
    <mesh file="./geom/Pelvis.stl"/>
    <mesh file="./geom/L_Hip.stl"/>
    <mesh file="./geom/R_Hip.stl"/>
    <mesh file="./geom/Torso.stl"/>
    <mesh file="./geom/L_Knee.stl"/>
    <mesh file="./geom/R_Knee.stl"/>
    <mesh file="./geom/Spine.stl"/>
    <mesh file="./geom/L_Ankle.stl"/>
    <mesh file="./geom/R_Ankle.stl"/>
    <mesh file="./geom/Chest.stl"/>
    <mesh file="./geom/L_Toe.stl"/>
    <mesh file="./geom/R_Toe.stl"/>
    <mesh file="./geom/Neck.stl"/>
    <mesh file="./geom/L_Thorax.stl"/>
    <mesh file="./geom/R_Thorax.stl"/>
    <mesh file="./geom/Head.stl"/>
    <mesh file="./geom/L_Shoulder.stl"/>
    <mesh file="./geom/R_Shoulder.stl"/>
    <mesh file="./geom/L_Elbow.stl"/>
    <mesh file="./geom/R_Elbow.stl"/>
    <mesh file="./geom/L_Wrist.stl"/>
    <mesh file="./geom/R_Wrist.stl"/>
    <mesh file="./geom/L_Hand.stl"/>
    <mesh file="./geom/R_Hand.stl"/>
  </asset>
  <worldbody>
    <light cutoff="100" diffuse="1 1 1" dir="-0 0 -1.3" directional="true" exponent="1" pos="0 0 1.3" specular=".1 .1 .1"/>
    <geom condim="3" friction="1. .1 .1" material="grid_new" name="floor" pos="0 0 0" rgba=".8 .9 .8 1" size="100 100 .2" type="plane"/>
    <body name="Pelvis" pos="-0.0018 -0.2233 0.0282" quat="1.0000 0.0000 0.0000 0.0000">
      <joint name="Pelvis" pos="-0.0018 -0.2233 0.0282" limited="false" type="free" armature="0" damping="0" stiffness="0"/>
      <geom type="mesh" mesh="Pelvis" contype="0" conaffinity="1"/>
      <body name="L_Hip" pos="0.0677 -0.3147 0.0214" quat="1.0000 0.0000 0.0000 0.0000">
        <joint name="L_Hip_z" type="hinge" pos="0.0677 -0.3147 0.0214" axis="0.0000 0.0000 1.0000" range="-180.0000 180.0000"/>
        <joint name="L_Hip_y" type="hinge" pos="0.0677 -0.3147 0.0214" axis="0.0000 1.0000 0.0000" range="-180.0000 180.0000"/>
        <joint name="L_Hip_x" type="hinge" pos="0.0677 -0.3147 0.0214" axis="1.0000 0.0000 0.0000" range="-180.0000 180.0000"/>
        <geom type="mesh" mesh="L_Hip" contype="0" conaffinity="1"/>
        <body name="L_Knee" pos="0.1020 -0.6899 0.0169" quat="1.0000 0.0000 0.0000 0.0000">
          <joint name="L_Knee_z" type="hinge" pos="0.1020 -0.6899 0.0169" axis="0.0000 0.0000 1.0000" range="-180.0000 180.0000"/>
          <joint name="L_Knee_y" type="hinge" pos="0.1020 -0.6899 0.0169" axis="0.0000 1.0000 0.0000" range="-180.0000 180.0000"/>
          <joint name="L_Knee_x" type="hinge" pos="0.1020 -0.6899 0.0169" axis="1.0000 0.0000 0.0000" range="-180.0000 180.0000"/>
          <geom type="mesh" mesh="L_Knee" contype="0" conaffinity="1"/>
          <body name="L_Ankle" pos="0.0884 -1.0879 -0.0268" quat="1.0000 0.0000 0.0000 0.0000">
            <joint name="L_Ankle_z" type="hinge" pos="0.0884 -1.0879 -0.0268" axis="0.0000 0.0000 1.0000" range="-180.0000 180.0000"/>
            <joint name="L_Ankle_y" type="hinge" pos="0.0884 -1.0879 -0.0268" axis="0.0000 1.0000 0.0000" range="-180.0000 180.0000"/>
            <joint name="L_Ankle_x" type="hinge" pos="0.0884 -1.0879 -0.0268" axis="1.0000 0.0000 0.0000" range="-180.0000 180.0000"/>
            <geom type="mesh" mesh="L_Ankle" contype="0" conaffinity="1"/>
            <body name="L_Toe" pos="0.1148 -1.1437 0.0925" quat="1.0000 0.0000 0.0000 0.0000">
              <joint name="L_Toe_z" type="hinge" pos="0.1148 -1.1437 0.0925" axis="0.0000 0.0000 1.0000" range="-180.0000 180.0000"/>
              <joint name="L_Toe_y" type="hinge" pos="0.1148 -1.1437 0.0925" axis="0.0000 1.0000 0.0000" range="-180.0000 180.0000"/>
              <joint name="L_Toe_x" type="hinge" pos="0.1148 -1.1437 0.0925" axis="1.0000 0.0000 0.0000" range="-180.0000 180.0000"/>
              <geom type="mesh" mesh="L_Toe" contype="0" conaffinity="1"/>
            </body>
          </body>
        </body>
      </body>
      <body name="R_Hip" pos="-0.0695 -0.3139 0.0239" quat="1.0000 0.0000 0.0000 0.0000">
        <joint name="R_Hip_z" type="hinge" pos="-0.0695 -0.3139 0.0239" axis="0.0000 0.0000 1.0000" range="-180.0000 180.0000"/>
        <joint name="R_Hip_y" type="hinge" pos="-0.0695 -0.3139 0.0239" axis="0.0000 1.0000 0.0000" range="-180.0000 180.0000"/>
        <joint name="R_Hip_x" type="hinge" pos="-0.0695 -0.3139 0.0239" axis="1.0000 0.0000 0.0000" range="-180.0000 180.0000"/>
        <geom type="mesh" mesh="R_Hip" contype="0" conaffinity="1"/>
        <body name="R_Knee" pos="-0.1078 -0.6964 0.0150" quat="1.0000 0.0000 0.0000 0.0000">
          <joint name="R_Knee_z" type="hinge" pos="-0.1078 -0.6964 0.0150" axis="0.0000 0.0000 1.0000" range="-180.0000 180.0000"/>
          <joint name="R_Knee_y" type="hinge" pos="-0.1078 -0.6964 0.0150" axis="0.0000 1.0000 0.0000" range="-180.0000 180.0000"/>
          <joint name="R_Knee_x" type="hinge" pos="-0.1078 -0.6964 0.0150" axis="1.0000 0.0000 0.0000" range="-180.0000 180.0000"/>
          <geom type="mesh" mesh="R_Knee" contype="0" conaffinity="1"/>
          <body name="R_Ankle" pos="-0.0920 -1.0948 -0.0273" quat="1.0000 0.0000 0.0000 0.0000">
            <joint name="R_Ankle_z" type="hinge" pos="-0.0920 -1.0948 -0.0273" axis="0.0000 0.0000 1.0000" range="-180.0000 180.0000"/>
            <joint name="R_Ankle_y" type="hinge" pos="-0.0920 -1.0948 -0.0273" axis="0.0000 1.0000 0.0000" range="-180.0000 180.0000"/>
            <joint name="R_Ankle_x" type="hinge" pos="-0.0920 -1.0948 -0.0273" axis="1.0000 0.0000 0.0000" range="-180.0000 180.0000"/>
            <geom type="mesh" mesh="R_Ankle" contype="0" conaffinity="1"/>
            <body name="R_Toe" pos="-0.1174 -1.1430 0.0961" quat="1.0000 0.0000 0.0000 0.0000">
              <joint name="R_Toe_z" type="hinge" pos="-0.1174 -1.1430 0.0961" axis="0.0000 0.0000 1.0000" range="-180.0000 180.0000"/>
              <joint name="R_Toe_y" type="hinge" pos="-0.1174 -1.1430 0.0961" axis="0.0000 1.0000 0.0000" range="-180.0000 180.0000"/>
              <joint name="R_Toe_x" type="hinge" pos="-0.1174 -1.1430 0.0961" axis="1.0000 0.0000 0.0000" range="-180.0000 180.0000"/>
              <geom type="mesh" mesh="R_Toe" contype="0" conaffinity="1"/>
            </body>
          </body>
        </body>
      </body>
      <body name="Torso" pos="-0.0043 -0.1144 0.0015" quat="1.0000 0.0000 0.0000 0.0000">
        <joint name="Torso_z" type="hinge" pos="-0.0043 -0.1144 0.0015" axis="0.0000 0.0000 1.0000" range="-180.0000 180.0000"/>
        <joint name="Torso_y" type="hinge" pos="-0.0043 -0.1144 0.0015" axis="0.0000 1.0000 0.0000" range="-180.0000 180.0000"/>
        <joint name="Torso_x" type="hinge" pos="-0.0043 -0.1144 0.0015" axis="1.0000 0.0000 0.0000" range="-180.0000 180.0000"/>
        <geom type="mesh" mesh="Torso" contype="0" conaffinity="1"/>
        <body name="Spine" pos="0.0012 0.0208 0.0026" quat="1.0000 0.0000 0.0000 0.0000">
          <joint name="Spine_z" type="hinge" pos="0.0012 0.0208 0.0026" axis="0.0000 0.0000 1.0000" range="-180.0000 180.0000"/>
          <joint name="Spine_y" type="hinge" pos="0.0012 0.0208 0.0026" axis="0.0000 1.0000 0.0000" range="-180.0000 180.0000"/>
          <joint name="Spine_x" type="hinge" pos="0.0012 0.0208 0.0026" axis="1.0000 0.0000 0.0000" range="-180.0000 180.0000"/>
          <geom type="mesh" mesh="Spine" contype="0" conaffinity="1"/>
          <body name="Chest" pos="0.0026 0.0737 0.0280" quat="1.0000 0.0000 0.0000 0.0000">
            <joint name="Chest_z" type="hinge" pos="0.0026 0.0737 0.0280" axis="0.0000 0.0000 1.0000" range="-180.0000 180.0000"/>
            <joint name="Chest_y" type="hinge" pos="0.0026 0.0737 0.0280" axis="0.0000 1.0000 0.0000" range="-180.0000 180.0000"/>
            <joint name="Chest_x" type="hinge" pos="0.0026 0.0737 0.0280" axis="1.0000 0.0000 0.0000" range="-180.0000 180.0000"/>
            <geom type="mesh" mesh="Chest" contype="0" conaffinity="1"/>
            <body name="Neck" pos="-0.0002 0.2876 -0.0148" quat="1.0000 0.0000 0.0000 0.0000">
              <joint name="Neck_z" type="hinge" pos="-0.0002 0.2876 -0.0148" axis="0.0000 0.0000 1.0000" range="-180.0000 180.0000"/>
              <joint name="Neck_y" type="hinge" pos="-0.0002 0.2876 -0.0148" axis="0.0000 1.0000 0.0000" range="-180.0000 180.0000"/>
              <joint name="Neck_x" type="hinge" pos="-0.0002 0.2876 -0.0148" axis="1.0000 0.0000 0.0000" range="-180.0000 180.0000"/>
              <geom type="mesh" mesh="Neck" contype="0" conaffinity="1"/>
              <body name="Head" pos="0.0050 0.3526 0.0365" quat="1.0000 0.0000 0.0000 0.0000">
                <joint name="Head_z" type="hinge" pos="0.0050 0.3526 0.0365" axis="0.0000 0.0000 1.0000" range="-180.0000 180.0000"/>
                <joint name="Head_y" type="hinge" pos="0.0050 0.3526 0.0365" axis="0.0000 1.0000 0.0000" range="-180.0000 180.0000"/>
                <joint name="Head_x" type="hinge" pos="0.0050 0.3526 0.0365" axis="1.0000 0.0000 0.0000" range="-180.0000 180.0000"/>
                <geom type="mesh" mesh="Head" contype="0" conaffinity="1"/>
              </body>
            </body>
            <body name="L_Thorax" pos="0.0815 0.1955 -0.0060" quat="1.0000 0.0000 0.0000 0.0000">
              <joint name="L_Thorax_z" type="hinge" pos="0.0815 0.1955 -0.0060" axis="0.0000 0.0000 1.0000" range="-180.0000 180.0000"/>
              <joint name="L_Thorax_y" type="hinge" pos="0.0815 0.1955 -0.0060" axis="0.0000 1.0000 0.0000" range="-180.0000 180.0000"/>
              <joint name="L_Thorax_x" type="hinge" pos="0.0815 0.1955 -0.0060" axis="1.0000 0.0000 0.0000" range="-180.0000 180.0000"/>
              <geom type="mesh" mesh="L_Thorax" contype="0" conaffinity="1"/>
              <body name="L_Shoulder" pos="0.1724 0.2260 -0.0149" quat="1.0000 0.0000 0.0000 0.0000">
                <joint name="L_Shoulder_z" type="hinge" pos="0.1724 0.2260 -0.0149" axis="0.0000 0.0000 1.0000" range="-180.0000 180.0000"/>
                <joint name="L_Shoulder_y" type="hinge" pos="0.1724 0.2260 -0.0149" axis="0.0000 1.0000 0.0000" range="-180.0000 180.0000"/>
                <joint name="L_Shoulder_x" type="hinge" pos="0.1724 0.2260 -0.0149" axis="1.0000 0.0000 0.0000" range="-180.0000 180.0000"/>
                <geom type="mesh" mesh="L_Shoulder" contype="0" conaffinity="1"/>
                <body name="L_Elbow" pos="0.4320 0.2132 -0.0424" quat="1.0000 0.0000 0.0000 0.0000">
                  <joint name="L_Elbow_z" type="hinge" pos="0.4320 0.2132 -0.0424" axis="0.0000 0.0000 1.0000" range="-720.0000 720.0000"/>
                  <joint name="L_Elbow_y" type="hinge" pos="0.4320 0.2132 -0.0424" axis="0.0000 1.0000 0.0000" range="-720.0000 720.0000"/>
                  <joint name="L_Elbow_x" type="hinge" pos="0.4320 0.2132 -0.0424" axis="1.0000 0.0000 0.0000" range="-720.0000 720.0000"/>
                  <geom type="mesh" mesh="L_Elbow" contype="0" conaffinity="1"/>
                  <body name="L_Wrist" pos="0.6813 0.2222 -0.0435" quat="1.0000 0.0000 0.0000 0.0000">
                    <joint name="L_Wrist_z" type="hinge" pos="0.6813 0.2222 -0.0435" axis="0.0000 0.0000 1.0000" range="-180.0000 180.0000"/>
                    <joint name="L_Wrist_y" type="hinge" pos="0.6813 0.2222 -0.0435" axis="0.0000 1.0000 0.0000" range="-180.0000 180.0000"/>
                    <joint name="L_Wrist_x" type="hinge" pos="0.6813 0.2222 -0.0435" axis="1.0000 0.0000 0.0000" range="-180.0000 180.0000"/>
                    <geom type="mesh" mesh="L_Wrist" contype="0" conaffinity="1"/>
                    <body name="L_Hand" pos="0.7653 0.2140 -0.0585" quat="1.0000 0.0000 0.0000 0.0000">
                      <joint name="L_Hand_z" type="hinge" pos="0.7653 0.2140 -0.0585" axis="0.0000 0.0000 1.0000" range="-180.0000 180.0000"/>
                      <joint name="L_Hand_y" type="hinge" pos="0.7653 0.2140 -0.0585" axis="0.0000 1.0000 0.0000" range="-180.0000 180.0000"/>
                      <joint name="L_Hand_x" type="hinge" pos="0.7653 0.2140 -0.0585" axis="1.0000 0.0000 0.0000" range="-180.0000 180.0000"/>
                      <geom type="mesh" mesh="L_Hand" contype="0" conaffinity="1"/>
                    </body>
                  </body>
                </body>
              </body>
            </body>
            <body name="R_Thorax" pos="-0.0791 0.1926 -0.0106" quat="1.0000 0.0000 0.0000 0.0000">
              <joint name="R_Thorax_z" type="hinge" pos="-0.0791 0.1926 -0.0106" axis="0.0000 0.0000 1.0000" range="-180.0000 180.0000"/>
              <joint name="R_Thorax_y" type="hinge" pos="-0.0791 0.1926 -0.0106" axis="0.0000 1.0000 0.0000" range="-180.0000 180.0000"/>
              <joint name="R_Thorax_x" type="hinge" pos="-0.0791 0.1926 -0.0106" axis="1.0000 0.0000 0.0000" range="-180.0000 180.0000"/>
              <geom type="mesh" mesh="R_Thorax" contype="0" conaffinity="1"/>
              <body name="R_Shoulder" pos="-0.1752 0.2251 -0.0197" quat="1.0000 0.0000 0.0000 0.0000">
                <joint name="R_Shoulder_z" type="hinge" pos="-0.1752 0.2251 -0.0197" axis="0.0000 0.0000 1.0000" range="-180.0000 180.0000"/>
                <joint name="R_Shoulder_y" type="hinge" pos="-0.1752 0.2251 -0.0197" axis="0.0000 1.0000 0.0000" range="-180.0000 180.0000"/>
                <joint name="R_Shoulder_x" type="hinge" pos="-0.1752 0.2251 -0.0197" axis="1.0000 0.0000 0.0000" range="-180.0000 180.0000"/>
                <geom type="mesh" mesh="R_Shoulder" contype="0" conaffinity="1"/>
                <body name="R_Elbow" pos="-0.4289 0.2118 -0.0411" quat="1.0000 0.0000 0.0000 0.0000">
                  <joint name="R_Elbow_z" type="hinge" pos="-0.4289 0.2118 -0.0411" axis="0.0000 0.0000 1.0000" range="-720.0000 720.0000"/>
                  <joint name="R_Elbow_y" type="hinge" pos="-0.4289 0.2118 -0.0411" axis="0.0000 1.0000 0.0000" range="-720.0000 720.0000"/>
                  <joint name="R_Elbow_x" type="hinge" pos="-0.4289 0.2118 -0.0411" axis="1.0000 0.0000 0.0000" range="-720.0000 720.0000"/>
                  <geom type="mesh" mesh="R_Elbow" contype="0" conaffinity="1"/>
                  <body name="R_Wrist" pos="-0.6842 0.2196 -0.0467" quat="1.0000 0.0000 0.0000 0.0000">
                    <joint name="R_Wrist_z" type="hinge" pos="-0.6842 0.2196 -0.0467" axis="0.0000 0.0000 1.0000" range="-180.0000 180.0000"/>
                    <joint name="R_Wrist_y" type="hinge" pos="-0.6842 0.2196 -0.0467" axis="0.0000 1.0000 0.0000" range="-180.0000 180.0000"/>
                    <joint name="R_Wrist_x" type="hinge" pos="-0.6842 0.2196 -0.0467" axis="1.0000 0.0000 0.0000" range="-180.0000 180.0000"/>
                    <geom type="mesh" mesh="R_Wrist" contype="0" conaffinity="1"/>
                    <body name="R_Hand" pos="-0.7688 0.2134 -0.0570" quat="1.0000 0.0000 0.0000 0.0000">
                      <joint name="R_Hand_z" type="hinge" pos="-0.7688 0.2134 -0.0570" axis="0.0000 0.0000 1.0000" range="-180.0000 180.0000"/>
                      <joint name="R_Hand_y" type="hinge" pos="-0.7688 0.2134 -0.0570" axis="0.0000 1.0000 0.0000" range="-180.0000 180.0000"/>
                      <joint name="R_Hand_x" type="hinge" pos="-0.7688 0.2134 -0.0570" axis="1.0000 0.0000 0.0000" range="-180.0000 180.0000"/>
                      <geom type="mesh" mesh="R_Hand" contype="0" conaffinity="1"/>
                    </body>
                  </body>
                </body>
              </body>
            </body>
          </body>
        </body>
      </body>
    </body>
    <body name="chair" pos="0 0 0">
      <joint limited="false" name="chair" type="free"/>
      <geom contype="1" conaffinity="1" type="box" size="0.209 0.165 0.2" pos="0.0 0.0 -0.18" euler="0 0 0" rgba="0 0.9 0 0.5" condim="3" mass="100000"/>
      <geom contype="1" conaffinity="1" type="box" size="0.209 0.021 0.33" pos="0.0 -0.20 0.1" euler="14 0 0"  rgba="0 0 0.9 0.5" condim="3" mass="1"/>
    </body>
    <body name="box" pos="0 0 0">
      <joint limited="false" name="box" type="free"/>
      <geom contype="1" conaffinity="1" type="box" size="0.15 0.19 0.120" pos="0 0 -0.1" euler="0 0 0" rgba="0.2 0.3 0.4 1" condim="3" mass="1.0"/>
    </body>
    <body name="table" pos="0 0 0">
      <joint limited="false" name="table" type="free"/>
      <geom contype="1" conaffinity="1" type="box" size="0.499 0.294 0.01" pos="0.0 0.0 -0.1" euler="0 0 0" rgba="0 0.9 0 1"    condim="3" mass="1.0"/>
      <geom contype="1" conaffinity="1" type="cylinder" size="0.03 0.35" pos="-0.35 -0.25 -0.44" euler="0 0 0" rgba="0 0.9 0 1" condim="3" mass="500.0"/>
      <geom contype="1" conaffinity="1" type="cylinder" size="0.03 0.35" pos="-0.35  0.25 -0.44" euler="0 0 0" rgba="0 0.9 0 1" condim="3" mass="500.0"/>
      <geom contype="1" conaffinity="1" type="cylinder" size="0.03 0.35" pos=" 0.35 -0.25 -0.44" euler="0 0 0" rgba="0 0.9 0 1" condim="3" mass="500.0"/>
      <geom contype="1" conaffinity="1" type="cylinder" size="0.03 0.35" pos=" 0.35  0.25 -0.44" euler="0 0 0" rgba="0 0.9 0 1" condim="3" mass="500.0"/>
    </body> 
    <body name="Can" pos="0 0 0">
      <joint limited="false" name="Can" type="free"/>
      <geom contype="1" conaffinity="1"  type="cylinder" size="0.279 0.345" pos="-0.031 0.004 -0.345" condim="3" mass="40.0"/>
    </body>
    <body name="step" pos="0 0 0">
      <joint limited="false" name="step" type="free"/>
      <!-- <geom contype="1" conaffinity="1" type="box" size="0.4 0.4 0.1" pos="0 0 -0.3" condim="3" mass="40.0"/> -->
      <geom type="box" size="0.4 0.4 0.17" pos="0 0 -0.20" condim="3" mass="40.0"/>
    </body>

  </worldbody>
  <actuator>
    <motor name="L_Hip_z" joint="L_Hip_z" gear="1"/>
    <motor name="L_Hip_y" joint="L_Hip_y" gear="1"/>
    <motor name="L_Hip_x" joint="L_Hip_x" gear="1"/>
    <motor name="L_Knee_z" joint="L_Knee_z" gear="1"/>
    <motor name="L_Knee_y" joint="L_Knee_y" gear="1"/>
    <motor name="L_Knee_x" joint="L_Knee_x" gear="1"/>
    <motor name="L_Ankle_z" joint="L_Ankle_z" gear="1"/>
    <motor name="L_Ankle_y" joint="L_Ankle_y" gear="1"/>
    <motor name="L_Ankle_x" joint="L_Ankle_x" gear="1"/>
    <motor name="L_Toe_z" joint="L_Toe_z" gear="1"/>
    <motor name="L_Toe_y" joint="L_Toe_y" gear="1"/>
    <motor name="L_Toe_x" joint="L_Toe_x" gear="1"/>
    <motor name="R_Hip_z" joint="R_Hip_z" gear="1"/>
    <motor name="R_Hip_y" joint="R_Hip_y" gear="1"/>
    <motor name="R_Hip_x" joint="R_Hip_x" gear="1"/>
    <motor name="R_Knee_z" joint="R_Knee_z" gear="1"/>
    <motor name="R_Knee_y" joint="R_Knee_y" gear="1"/>
    <motor name="R_Knee_x" joint="R_Knee_x" gear="1"/>
    <motor name="R_Ankle_z" joint="R_Ankle_z" gear="1"/>
    <motor name="R_Ankle_y" joint="R_Ankle_y" gear="1"/>
    <motor name="R_Ankle_x" joint="R_Ankle_x" gear="1"/>
    <motor name="R_Toe_z" joint="R_Toe_z" gear="1"/>
    <motor name="R_Toe_y" joint="R_Toe_y" gear="1"/>
    <motor name="R_Toe_x" joint="R_Toe_x" gear="1"/>
    <motor name="Torso_z" joint="Torso_z" gear="1"/>
    <motor name="Torso_y" joint="Torso_y" gear="1"/>
    <motor name="Torso_x" joint="Torso_x" gear="1"/>
    <motor name="Spine_z" joint="Spine_z" gear="1"/>
    <motor name="Spine_y" joint="Spine_y" gear="1"/>
    <motor name="Spine_x" joint="Spine_x" gear="1"/>
    <motor name="Chest_z" joint="Chest_z" gear="1"/>
    <motor name="Chest_y" joint="Chest_y" gear="1"/>
    <motor name="Chest_x" joint="Chest_x" gear="1"/>
    <motor name="Neck_z" joint="Neck_z" gear="1"/>
    <motor name="Neck_y" joint="Neck_y" gear="1"/>
    <motor name="Neck_x" joint="Neck_x" gear="1"/>
    <motor name="Head_z" joint="Head_z" gear="1"/>
    <motor name="Head_y" joint="Head_y" gear="1"/>
    <motor name="Head_x" joint="Head_x" gear="1"/>
    <motor name="L_Thorax_z" joint="L_Thorax_z" gear="1"/>
    <motor name="L_Thorax_y" joint="L_Thorax_y" gear="1"/>
    <motor name="L_Thorax_x" joint="L_Thorax_x" gear="1"/>
    <motor name="L_Shoulder_z" joint="L_Shoulder_z" gear="1"/>
    <motor name="L_Shoulder_y" joint="L_Shoulder_y" gear="1"/>
    <motor name="L_Shoulder_x" joint="L_Shoulder_x" gear="1"/>
    <motor name="L_Elbow_z" joint="L_Elbow_z" gear="1"/>
    <motor name="L_Elbow_y" joint="L_Elbow_y" gear="1"/>
    <motor name="L_Elbow_x" joint="L_Elbow_x" gear="1"/>
    <motor name="L_Wrist_z" joint="L_Wrist_z" gear="1"/>
    <motor name="L_Wrist_y" joint="L_Wrist_y" gear="1"/>
    <motor name="L_Wrist_x" joint="L_Wrist_x" gear="1"/>
    <motor name="L_Hand_z" joint="L_Hand_z" gear="1"/>
    <motor name="L_Hand_y" joint="L_Hand_y" gear="1"/>
    <motor name="L_Hand_x" joint="L_Hand_x" gear="1"/>
    <motor name="R_Thorax_z" joint="R_Thorax_z" gear="1"/>
    <motor name="R_Thorax_y" joint="R_Thorax_y" gear="1"/>
    <motor name="R_Thorax_x" joint="R_Thorax_x" gear="1"/>
    <motor name="R_Shoulder_z" joint="R_Shoulder_z" gear="1"/>
    <motor name="R_Shoulder_y" joint="R_Shoulder_y" gear="1"/>
    <motor name="R_Shoulder_x" joint="R_Shoulder_x" gear="1"/>
    <motor name="R_Elbow_z" joint="R_Elbow_z" gear="1"/>
    <motor name="R_Elbow_y" joint="R_Elbow_y" gear="1"/>
    <motor name="R_Elbow_x" joint="R_Elbow_x" gear="1"/>
    <motor name="R_Wrist_z" joint="R_Wrist_z" gear="1"/>
    <motor name="R_Wrist_y" joint="R_Wrist_y" gear="1"/>
    <motor name="R_Wrist_x" joint="R_Wrist_x" gear="1"/>
    <motor name="R_Hand_z" joint="R_Hand_z" gear="1"/>
    <motor name="R_Hand_y" joint="R_Hand_y" gear="1"/>
    <motor name="R_Hand_x" joint="R_Hand_x" gear="1"/>
  </actuator>
</mujoco>
